{
    "run_id": "GGE_20260228_225409",
    "baseline": {
        "V_676": 1.0,
        "bias_note": "No strong mechanical bias"
    },
    "control": {
        "V_control": 0.9904461720663991
    },
    "permutation_test": {
        "p_value": 0.7502,
        "effect_size": -0.004942474605709233,
        "percentile": 24.98,
        "R_canonical": 0.0074480804513005205,
        "theta_star": 211.4876149219118,
        "decision": "PIVOT: Null result (p > 0.10)",
        "R_perm_mean": 0.012390555057009754,
        "R_perm_std": 0.006540154946865369
    },
    "runtime_sec": 656.2673363685608
}