{
    "canonical_mean": [
        177.23353846153822,
        0.8848949242372061,
        2.6958966857232,
        14269.834409524081
    ],
    "permutation_mean_avg": [
        175.69137323076916,
        0.8876308958228172,
        2.8818681264143433,
        11555.880361386744
    ],
    "permutation_std": [
        2.387269813009669,
        0.03968788879612928,
        0.07128733395953182,
        1066.1668193266441
    ],
    "z_scores": [
        0.6459953635591889,
        -0.06893719138514508,
        -2.6087585320095594,
        2.5455247705526802
    ],
    "features": [
        "final_bearing",
        "h_parity",
        "h_weight",
        "ang_var"
    ]
}