{
    "metadata": {
        "name": "The 93-Node Snail Shell",
        "modulus": 93,
        "distribution": "12 vertices, 60 edge nodes, 20 face centroids, 1 origin",
        "phi": 1.618033988749895
    },
    "nodes": {
        "vertices": [
            [
                0,
                -1,
                -1.618033988749895
            ],
            [
                0,
                -1,
                1.618033988749895
            ],
            [
                0,
                1,
                -1.618033988749895
            ],
            [
                0,
                1,
                1.618033988749895
            ],
            [
                -1,
                -1.618033988749895,
                0
            ],
            [
                -1,
                1.618033988749895,
                0
            ],
            [
                1,
                -1.618033988749895,
                0
            ],
            [
                1,
                1.618033988749895,
                0
            ],
            [
                -1.618033988749895,
                0,
                -1
            ],
            [
                -1.618033988749895,
                0,
                1
            ],
            [
                1.618033988749895,
                0,
                -1
            ],
            [
                1.618033988749895,
                0,
                1
            ]
        ],
        "edge_nodes": [
            [
                0.0,
                -0.33333333333333337,
                -1.618033988749895
            ],
            [
                0.0,
                0.33333333333333326,
                -1.618033988749895
            ],
            [
                -0.3333333333333333,
                -1.2060113295832984,
                -1.0786893258332633
            ],
            [
                -0.6666666666666666,
                -1.4120226591665965,
                -0.5393446629166316
            ],
            [
                0.3333333333333333,
                -1.2060113295832984,
                -1.0786893258332633
            ],
            [
                0.6666666666666666,
                -1.4120226591665965,
                -0.5393446629166316
            ],
            [
                -0.5393446629166316,
                -0.6666666666666667,
                -1.4120226591665965
            ],
            [
                -1.0786893258332633,
                -0.33333333333333337,
                -1.2060113295832984
            ],
            [
                0.5393446629166316,
                -0.6666666666666667,
                -1.4120226591665965
            ],
            [
                1.0786893258332633,
                -0.33333333333333337,
                -1.2060113295832984
            ],
            [
                0.0,
                -0.33333333333333337,
                1.618033988749895
            ],
            [
                0.0,
                0.33333333333333326,
                1.618033988749895
            ],
            [
                -0.3333333333333333,
                -1.2060113295832984,
                1.0786893258332633
            ],
            [
                -0.6666666666666666,
                -1.4120226591665965,
                0.5393446629166316
            ],
            [
                0.3333333333333333,
                -1.2060113295832984,
                1.0786893258332633
            ],
            [
                0.6666666666666666,
                -1.4120226591665965,
                0.5393446629166316
            ],
            [
                -0.5393446629166316,
                -0.6666666666666667,
                1.4120226591665965
            ],
            [
                -1.0786893258332633,
                -0.33333333333333337,
                1.2060113295832984
            ],
            [
                0.5393446629166316,
                -0.6666666666666667,
                1.4120226591665965
            ],
            [
                1.0786893258332633,
                -0.33333333333333337,
                1.2060113295832984
            ],
            [
                -0.3333333333333333,
                1.2060113295832984,
                -1.0786893258332633
            ],
            [
                -0.6666666666666666,
                1.4120226591665965,
                -0.5393446629166316
            ],
            [
                0.3333333333333333,
                1.2060113295832984,
                -1.0786893258332633
            ],
            [
                0.6666666666666666,
                1.4120226591665965,
                -0.5393446629166316
            ],
            [
                -0.5393446629166316,
                0.6666666666666667,
                -1.4120226591665965
            ],
            [
                -1.0786893258332633,
                0.33333333333333337,
                -1.2060113295832984
            ],
            [
                0.5393446629166316,
                0.6666666666666667,
                -1.4120226591665965
            ],
            [
                1.0786893258332633,
                0.33333333333333337,
                -1.2060113295832984
            ],
            [
                -0.3333333333333333,
                1.2060113295832984,
                1.0786893258332633
            ],
            [
                -0.6666666666666666,
                1.4120226591665965,
                0.5393446629166316
            ],
            [
                0.3333333333333333,
                1.2060113295832984,
                1.0786893258332633
            ],
            [
                0.6666666666666666,
                1.4120226591665965,
                0.5393446629166316
            ],
            [
                -0.5393446629166316,
                0.6666666666666667,
                1.4120226591665965
            ],
            [
                -1.0786893258332633,
                0.33333333333333337,
                1.2060113295832984
            ],
            [
                0.5393446629166316,
                0.6666666666666667,
                1.4120226591665965
            ],
            [
                1.0786893258332633,
                0.33333333333333337,
                1.2060113295832984
            ],
            [
                -0.33333333333333337,
                -1.618033988749895,
                0.0
            ],
            [
                0.33333333333333326,
                -1.618033988749895,
                0.0
            ],
            [
                -1.2060113295832984,
                -1.0786893258332633,
                -0.3333333333333333
            ],
            [
                -1.4120226591665965,
                -0.5393446629166316,
                -0.6666666666666666
            ],
            [
                -1.2060113295832984,
                -1.0786893258332633,
                0.3333333333333333
            ],
            [
                -1.4120226591665965,
                -0.5393446629166316,
                0.6666666666666666
            ],
            [
                -0.33333333333333337,
                1.618033988749895,
                0.0
            ],
            [
                0.33333333333333326,
                1.618033988749895,
                0.0
            ],
            [
                -1.2060113295832984,
                1.0786893258332633,
                -0.3333333333333333
            ],
            [
                -1.4120226591665965,
                0.5393446629166316,
                -0.6666666666666666
            ],
            [
                -1.2060113295832984,
                1.0786893258332633,
                0.3333333333333333
            ],
            [
                -1.4120226591665965,
                0.5393446629166316,
                0.6666666666666666
            ],
